"","X","adm0_a3","Total_webs_by_country","Web_Code","pub_count","Web_Code_base","Web_Year","RefCode_string","Publication_string","LAT","LONG","Region","Hemisphere","Country","sovereignt","admin","Continent","type","ISO3","GDP.MEDIAN","PropGDP_median","ResInvestTotal","NAME","AREA","CL_Species","region_world_map","LAT_country","years_since_pub","CL_Species_Density","AREA_by_ISO3","ResInvs_Density","log_AREA","log_PropGDP_median","log_CL_Species","log_CL_Species_density","log_ResInvs_Density"
"1",1,"ARG",38,"aizen_et_al_2008_1",3,"aizen_et_al_2008",2008,"aizen_et_al_2008; heleno_et_al_2012; albrecht_et_al_2014_b; aslan_2019","PLOS_BIOLOGY; ECOLOGICAL_INDICATORS; PROCEEDINGS_OF_THE_ROYAL_SOCIETY_B-BIOLOGICAL_SCIENCES; PLOS_ONE",-41,-71.5,"Temperate","Southern","Argentina","Argentina","Argentina","South America","Sovereign country","ARG",4.23627e+11,0.4832150045,2047029227.11321,"Argentina",2781056,1077,"Argentina",-37.6593403637237,17,0.000387262967735997,2781056,736.061851006673,1.20415848709648,0.0320358664513355,0.99783456688989,-0.679196891275252,-0.457403397093576
"2",39,"AUS",17,"inouye_&_pyke_1988",44,"inouye_&_pyke_1988",1988,"vazquez_&_aizen_2004; vazquez_2005; olesen_et_al_2006; bluthgen_et_al_2007; olesen_et_al_2007_a; olesen_et_al_2007_b; santamaria_&_rodrigues-girones_2007; scotti_et_al_2007; okuyama_2008; thebault_&_fontaine_2008; bezerra_et_al_2009; joppa_et_al_2009; fortuna_et_al_2010; gonzalez_et_al_2010; joppa_et_al_2010; thebault_&_fontaine_2010; ulrich_&_gotelli_2010; maeng_&_lee_2011; pocock_et_al_2011; saavedra_et_al_2011; gilarraz_et_al_2012; james_et_al_2012; schleuning_et_al_2012; trojelsgaard_&_olesen_2012; dalsgaard_et_al_2013; lee_&_maeng_2013; chamberlain_et_al_2014_a; rohr_&_bacompte_2014; stouffer_et_al_2014; vamosi_et_al_2014; astegiano_et_al_2015; fontaine_&_thebault_2015; welti_&_joern_2015; emer_et_al_2016; fort_et_al_2016; sakai_et_al_2016; takemoto_&_kajihara_2016; traveset_et_al_2016; nagaishi_&_takemoto_2018; timoteo_et_al_2018; maia_et_al_2019_a; cirtwill_et_al_2020; dattilo_et_al_2022; luna_et_al_2022; inouye_&_pyke_1988","ECOLOGY; OIKOS; JOURNAL_OF_THEORETICAL_BIOLOGY; CURRENT_BIOLOGY; TAXON; PROCEEDINGS_OF_THE_NATIONAL_ACADEMY_OF_SCIENCES_OF_THE_UNITED_STATES_OF_AMERICA; PLOS_BIOLOGY; ECOLOGICAL_COMPLEXITY; ECOLOGICAL_COMPLEXITY; OIKOS; JOURNAL_OF_ANIMAL_ECOLOGY; ECOLOGY_LETTERS; JOURNAL_OF_ANIMAL_ECOLOGY; ECOLOGICAL_COMPLEXITY; EVOLUTIONARY_ECOLOGY_RESEARCH; SCIENCE; ECOLOGY; JOURNAL_OF_THE_KOREAN_PHYSICAL_SOCIETY; ECOLOGICAL_COMPLEXITY; NATURE; OIKOS; NATURE; CURRENT_BIOLOGY; GLOBAL_ECOLOGY_AND_BIOGEOGRAPHY; ECOGRAPHY; IC-MSQUARE_2012:_INTERNATIONAL_CONFERENCE_ON_MATHEMATICAL_MODELLING_IN_PHYSICAL_SCIENCES; JOURNAL_OF_ECOLOGY; AMERICAN_NATURALIST; JOURNAL_OF_ECOLOGY; ECOLOGY_AND_EVOLUTION; PLOS_ONE; POPULATION_ECOLOGY; ECOLOGY_AND_EVOLUTION; DIVERSITY_AND_DISTRIBUTIONS; ECOLOGY_LETTERS; ROYAL_SOCIETY_OPEN_SCIENCE; PLOS_ONE; GLOBAL_ECOLOGY_AND_BIOGEOGRAPHY; ROYAL_SOCIETY_OPEN_SCIENCE; OECOLOGIA; OIKOS; NEW_PHYTOLOGIST; DIVERSITY-BASEL; ECOLOGY LETTERS",-36.45,148.266,"Temperate","Southern","Australia","Australia","Australia","Oceania","Country","AUS",1.14884e+12,1.919020057,22046470022.8388,"Australia",7690032,1634,"Australia",-25.1829968212448,37,0.000212482860929577,7690032,2866.88924348284,1.62522104912707,1.15205736881038,1.27249646844693,-0.971591172859491,-0.00405303557161473
"3",56,"AUT",2,"neumuller_et_al_2018",0,"neumuller_et_al_2018",2018,"neumuller_et_al_2018","APIDOLOGIE",48.144,16.7,"Temperate","Northern","Austria","Austria","Austria","Europe","Sovereign country","AUT",3.93687e+11,2.63270998,10364636938.9626,"Austria",83958,690,"Austria",47.5797318991493,7,0.00821839491174159,83958,123450.260117709,-0.2449032796928,1.40885355843737,0.704465628404639,0.80898830265232,1.25050329490572
"4",58,"BEL",2,"ouvrard_&_jacquemart_2018",0,"ouvrard_&_jacquemart_2018",2018,"ouvrard_&_jacquemart_2018","AGRICULTURAL_AND_FOREST_ENTOMOLOGY",50.6,4.566,"Temperate","Northern","Belgium","Belgium","Belgium","Europe","Sovereign country","BEL",4.81557e+11,2.047335029,9859085145.60153,"Belgium",30641,383,"Belgium",50.5906272841377,7,0.0124995920498678,30641,321761.207062483,-0.662191723405709,1.20462220533797,0.316602071916684,1.01325084581928,1.56991688864769
"5",66,"BRA",96,"abreu_&_vieira_2004",5,"abreu_&_vieira_2004",2004,"schleuning_et_al_2012; gonzalez_et_al_2015; sonne_et_al_2016; araujo_et_al_2018; dalsgaard_et_al_2021; abreu_&_vieira_2004","CURRENT_BIOLOGY; GLOBAL_ECOLOGY_AND_BIOGEOGRAPHY; PROCEEDINGS_OF_THE_ROYAL_SOCIETY_B-BIOLOGICAL_SCIENCES; JOURNAL_OF_BIOGEOGRAPHY; FUNCTIONAL ECOLOGY",-20.753,-42.92,"Tropical","Southern","Brazil","Brazil","Brazil","South America","Sovereign country","BRA",1.79569e+12,1.122749984,20161109187.6896,"Brazil",8473881,1825,"Brazil",-9.80237464027375,21,0.000215367669194316,8473881,2379.2060789725,1.66540402714515,0.7167259041839,1.34533676964518,-0.965022108886937,-0.0662240837076882
"6",162,"CAN",19,"barrett_&_helenurm_1987",35,"barrett_&_helenurm_1987",1987,"vazquez_&_aizen_2004; bluthgen_et_al_2007; olesen_et_al_2007_b; scotti_et_al_2007; okuyama_2008; thebault_&_fontaine_2008; bezerra_et_al_2009; joppa_et_al_2009; joppa_et_al_2010; thebault_&_fontaine_2010; ulrich_&_gotelli_2010; maeng_&_lee_2011; pocock_et_al_2011; saavedra_et_al_2011; castro-urgal_et_al_2012; gilarraz_et_al_2012; james_et_al_2012; schleuning_et_al_2012; trojelsgaard_&_olesen_2012; lee_&_maeng_2013; rohr_&_bacompte_2014; stouffer_et_al_2014; vamosi_et_al_2014; astegiano_et_al_2015; fontaine_&_thebault_2015; welti_&_joern_2015; emer_et_al_2016; fort_et_al_2016; sakai_et_al_2016; sydenham_et_al_2018; aslan_2019; maia_et_al_2019_a; cirtwill_et_al_2020; renaud_et_al_2020; luna_et_al_2022; barrett_&_helenurm_1987","ECOLOGY; CURRENT_BIOLOGY; PROCEEDINGS_OF_THE_NATIONAL_ACADEMY_OF_SCIENCES_OF_THE_UNITED_STATES_OF_AMERICA; ECOLOGICAL_COMPLEXITY; ECOLOGICAL_COMPLEXITY; OIKOS; JOURNAL_OF_ANIMAL_ECOLOGY; ECOLOGY_LETTERS; EVOLUTIONARY_ECOLOGY_RESEARCH; SCIENCE; ECOLOGY; JOURNAL_OF_THE_KOREAN_PHYSICAL_SOCIETY; ECOLOGICAL_COMPLEXITY; NATURE; BASIC_AND_APPLIED_ECOLOGY; OIKOS; NATURE; CURRENT_BIOLOGY; GLOBAL_ECOLOGY_AND_BIOGEOGRAPHY; IC-MSQUARE_2012:_INTERNATIONAL_CONFERENCE_ON_MATHEMATICAL_MODELLING_IN_PHYSICAL_SCIENCES; AMERICAN_NATURALIST; JOURNAL_OF_ECOLOGY; ECOLOGY_AND_EVOLUTION; PLOS_ONE; POPULATION_ECOLOGY; ECOLOGY_AND_EVOLUTION; DIVERSITY_AND_DISTRIBUTIONS; ECOLOGY_LETTERS; ROYAL_SOCIETY_OPEN_SCIENCE; JOURNAL_OF_BIOGEOGRAPHY; PLOS_ONE; OIKOS; NEW_PHYTOLOGIST; ECOLOGY_AND_EVOLUTION; ECOLOGY LETTERS",46.55,-66.07,"Temperate","Northern","Canada","Canada","Canada","North America","Sovereign country","CAN",1.55299e+12,1.825039983,28342688431.9917,"Canada",9959828,750,"Canada",65.2931221012917,38,7.53025052239858e-05,9959828,2845.70059161581,1.73229220560088,1.11127783897839,0.759405447183038,-1.47691116203745,-0.00652648560868846
"7",181,"CHE",3,"albrecht_et_al_2010",2,"albrecht_et_al_2010",2010,"albrecht_et_al_2010; schleuning_et_al_2012; vieira_et_al_2013","OIKOS; CURRENT_BIOLOGY; PLOS_ONE",46.433,9.933,"Temperate","Northern","Switzerland","Switzerland","Switzerland","Europe","Sovereign country","CHE",5.98851e+11,2.874569893,17214390549.9294,"Switzerland",41508,622,"Switzerland",46.7415661327342,15,0.0149850631203623,41508,414724.644645115,-0.536527495972611,1.48023152625996,0.636104164203002,1.1015951441663,1.65454238785501
"8",184,"CHL",10,"arroyo_et_al_1982_1",33,"arroyo_et_al_1982",1982,"olesen_et_al_2006; benedek_et_al_2007; olesen_et_al_2007_a; olesen_et_al_2007_b; santamaria_&_rodrigues-girones_2007; okuyama_2008; thebault_&_fontaine_2008; bezerra_et_al_2009; joppa_et_al_2009; fortuna_et_al_2010; gonzalez_et_al_2010; joppa_et_al_2010; thebault_&_fontaine_2010; pires_et_al_2011; saavedra_et_al_2011; james_et_al_2012; trojelsgaard_&_olesen_2012; dalsgaard_et_al_2013; chamberlain_et_al_2014_a; rohr_&_bacompte_2014; santamaria_et_al_2014; stouffer_et_al_2014; vamosi_et_al_2014; astegiano_et_al_2015; fontaine_&_thebault_2015; emer_et_al_2016; sakai_et_al_2016; takemoto_&_kajihara_2016; nagaishi_&_takemoto_2018; sydenham_et_al_2018; aslan_2019; cirtwill_et_al_2020; renaud_et_al_2020; arroyo_et_al_1982","JOURNAL_OF_THEORETICAL_BIOLOGY; COMMUNITY_ECOLOGY; TAXON; PROCEEDINGS_OF_THE_NATIONAL_ACADEMY_OF_SCIENCES_OF_THE_UNITED_STATES_OF_AMERICA; PLOS_BIOLOGY; ECOLOGICAL_COMPLEXITY; OIKOS; JOURNAL_OF_ANIMAL_ECOLOGY; ECOLOGY_LETTERS; JOURNAL_OF_ANIMAL_ECOLOGY; ECOLOGICAL_COMPLEXITY; EVOLUTIONARY_ECOLOGY_RESEARCH; SCIENCE; PLOS_ONE; NATURE; NATURE; GLOBAL_ECOLOGY_AND_BIOGEOGRAPHY; ECOGRAPHY; JOURNAL_OF_ECOLOGY; AMERICAN_NATURALIST; ARCTIC_ANTARCTIC_AND_ALPINE_RESEARCH; JOURNAL_OF_ECOLOGY; ECOLOGY_AND_EVOLUTION; PLOS_ONE; POPULATION_ECOLOGY; DIVERSITY_AND_DISTRIBUTIONS; ROYAL_SOCIETY_OPEN_SCIENCE; PLOS_ONE; ROYAL_SOCIETY_OPEN_SCIENCE; JOURNAL_OF_BIOGEOGRAPHY; PLOS_ONE; NEW_PHYTOLOGIST; ECOLOGY_AND_EVOLUTION",-33.17,-70.16,"Temperate","Southern","Chile","Chile","Chile","South America","Sovereign country","CHL",2.17051e+11,0.362129986,786006755.91286,"Chile",745866,434,"Chile",-44.8406449153442,43,0.000581873955911652,745866,1053.81765077488,0.659336611910109,-0.202231235745043,0.398970376280803,-0.480863263908072,-0.337749569138843
"9",194,"CHN",19,"fang_&_huang_2012",0,"fang_&_huang_2012",2012,"fang_&_huang_2012","PLOS_ONE",27.901,99.638,"Temperate","Northern","China","China","China","Asia","Country","CHN",6.08719e+12,1.689260006,102828466159.231,"China",9369063,1224,"China",35.0824354375861,13,0.000130642733430227,9369063,10975.3201744114,1.70697833594422,1.04849063546406,1.08213689016357,-1.20852719890999,0.4435466741202
"10",213,"COL",14,"aguado_et_al_2019",0,"aguado_et_al_2019",2019,"aguado_et_al_2019","ACTA_BIOLOGICA_COLOMBIANA",3.24,-76.33,"Tropical","Northern","Colombia","Colombia","Colombia","South America","Sovereign country","COL",2.8272e+11,0.194495,549876264,"Colombia",1135676,573,"Colombia",3.47110479441659,6,0.000504545310458264,1135676,484.184101803683,0.833391717110033,-0.70705146822483,0.582038854045069,-0.550325698916832,-0.597058977729184
"11",227,"CRI",9,"haber_&_frankie_1989",1,"haber_&_frankie_1989",1989,"johnson_et_al_2017; haber_&_frankie_1989","FUNCTIONAL_ECOLOGY",10.431,-85.098,"Tropical","Northern","Costa Rica","Costa Rica","Costa Rica","North America","Sovereign country","CRI",37658616952,0.431790009,162606145.526316,"Costa Rica",51065,519,"Costa Rica",9.75601683881946,36,0.0101635170860668,51065,3184.29737640882,-0.450744195339513,-0.0593473998880178,0.516820107768507,0.912468470447886,0.0309581771543605
"12",238,"CZE",12,"klecka_et_al_2018",0,"klecka_et_al_2018",2018,"klecka_et_al_2018","PEERJ",48.81,14.315,"Temperate","Northern","Czechia","Czechia","Czechia","Europe","Sovereign country","CZE",2.06972e+11,1.3112099765,2713837512.56158,"Czech Republic",78752,574,"Czech Republic",49.8840390205383,7,0.00728870377895165,78752,34460.5535422793,-0.27140375205377,0.842744290026406,0.583187757774749,0.750509117662181,0.825042659476294
"13",250,"DEU",39,"bartomeus_et_al_2010_germany1",1,"bartomeus_et_al_2010",2010,"albrecht_et_al_2014_b; bartomeus_et_al_2010","PROCEEDINGS_OF_THE_ROYAL_SOCIETY_B-BIOLOGICAL_SCIENCES",51.534,9.932,"Temperate","Northern","Germany","Germany","Germany","Europe","Sovereign country","DEU",3.48406e+12,2.7364500765,95339562535.3059,"Germany",357575,568,"Germany",51.2046085478554,15,0.00158847794169055,357575,266628.155031269,0.354973914110618,1.44024074213093,0.576264092084796,0.00834733790142902,1.50724771224266
"14",292,"DNK",10,"bek_2006",NA,NA,NA,NA,NA,56.066,10.216,"Temperate","Northern","Denmark","Denmark","Denmark","Europe","Country","DNK",3.22346e+11,2.9054700135,9365666369.71671,"Denmark",42961,285,"Denmark",55.7047330613104,NA,0.00663392379134564,2204149,4249.10764640535,-0.522283674077986,1.48891495957346,0.121868084542934,0.70465622674862,0.127144333156882
"15",302,"ECU",29,"mcmullen_1993",24,"mcmullen_1993",1993,"vazquez_&_aizen_2004; olesen_et_al_2006; benedek_et_al_2007; olesen_et_al_2007_a; olesen_et_al_2007_b; santamaria_&_rodrigues-girones_2007; okuyama_2008; thebault_&_fontaine_2008; bezerra_et_al_2009; joppa_et_al_2009; joppa_et_al_2010; thebault_&_fontaine_2010; saavedra_et_al_2011; james_et_al_2012; trojelsgaard_&_olesen_2012; dalsgaard_et_al_2013; chamberlain_et_al_2014_a; rohr_&_bacompte_2014; stouffer_et_al_2014; fontaine_&_thebault_2015; fort_&_mugan_2015; aslan_2019; cirtwill_et_al_2020; renaud_et_al_2020; mcmullen_1993","ECOLOGY; JOURNAL_OF_THEORETICAL_BIOLOGY; COMMUNITY_ECOLOGY; TAXON; PROCEEDINGS_OF_THE_NATIONAL_ACADEMY_OF_SCIENCES_OF_THE_UNITED_STATES_OF_AMERICA; PLOS_BIOLOGY; ECOLOGICAL_COMPLEXITY; OIKOS; JOURNAL_OF_ANIMAL_ECOLOGY; ECOLOGY_LETTERS; EVOLUTIONARY_ECOLOGY_RESEARCH; SCIENCE; NATURE; NATURE; GLOBAL_ECOLOGY_AND_BIOGEOGRAPHY; ECOGRAPHY; JOURNAL_OF_ECOLOGY; AMERICAN_NATURALIST; JOURNAL_OF_ECOLOGY; POPULATION_ECOLOGY; ENTROPY; PLOS_ONE; NEW_PHYTOLOGIST; ECOLOGY_AND_EVOLUTION",-0.5,-90.5,"Tropical","Southern","Ecuador","Ecuador","Ecuador","South America","Sovereign country","ECU",68151329000,0.2815949995,191910734.556793,"Ecuador",255846,383,"Ecuador",-1.64306724073247,32,0.00149699428562495,255846,750.102540421947,0.216384126617492,-0.406510174495184,0.316602071916684,-0.0205475633337677,-0.451103037015459
"16",331,"EGY",2,"norfolk_et_al_2014",0,"norfolk_et_al_2014",2014,"norfolk_et_al_2014","DIVERSITY_AND_DISTRIBUTIONS",28.55,33.933,"Temperate","Northern","Egypt","Egypt","Egypt","Africa","Sovereign country","EGY",2.18984e+11,0.5202649835,1139297071.46764,"Egypt",998440,435,"Egypt",27.6763009761162,11,0.000435679660270021,998440,1141.07715182449,0.780074782318573,0.0920335813049186,0.400486823721239,-0.621811753156814,-0.311224358424666
"17",333,"ESP",61,"bartomeus_et_al_2008_meta",12,"bartomeus_et_al_2008",2008,"bartomeus_2013; carvalheiro_et_al_2014; stouffer_et_al_2014; emer_et_al_2016; takemoto_&_kajihara_2016; traveset_et_al_2016; nagaishi_&_takemoto_2018; timoteo_et_al_2018; maia_et_al_2019_a; cirtwill_et_al_2020; dattilo_et_al_2022; luna_et_al_2022; bartomeus_et_al_2008","PLOS_ONE; ECOLOGY_LETTERS; JOURNAL_OF_ECOLOGY; DIVERSITY_AND_DISTRIBUTIONS; PLOS_ONE; GLOBAL_ECOLOGY_AND_BIOGEOGRAPHY; ROYAL_SOCIETY_OPEN_SCIENCE; OECOLOGIA; OIKOS; NEW_PHYTOLOGIST; DIVERSITY-BASEL; ECOLOGY LETTERS",42.297,3.235,"Temperate","Northern","Spain","Spain","Spain","Europe","Sovereign country","ESP",1.33099e+12,1.231159985,16386616284.3515,"Spain",506185,1016,"Spain",40.6799529790878,17,0.00200717129112874,506185,32372.7812644616,0.498857609258386,0.791585045615277,0.959416937301179,0.12231071646724,0.804204364081682
"18",394,"EST",1,"svara_et_al_2021",0,"svara_et_al_2021",2021,"svara_et_al_2021","ECOLOGY AND EVOLUTION",58.581,23.543,"Temperate","Northern","Estonia","Estonia","Estonia","Europe","Sovereign country","EST",23237406116,1.2643650175,293805633.905109,"Estonia",45979,237,"Estonia",58.5349385775053,4,0.00515452706670437,45979,6389.99617010177,-0.494177332810732,0.813198571272151,0.000348505868503109,0.581743862156531,0.26319080963466
"19",395,"FIN",1,"kapyla_1978",NA,NA,NA,NA,NA,60.2,22,"Temperate","Northern","Finland","Finland","Finland","Europe","Country","FIN",2.53481e+11,3.2847949265,8326331027.64147,"Finland",335094,242,"Finland",63.9511946496112,NA,0.000722185416629364,335094,24847.747281782,0.328092143750488,1.58857122337574,0.0141046656765163,-0.375630202605118,0.715995932857966
"20",396,"FRA",14,"geslin_et_al_2013",0,"geslin_et_al_2013",2013,"geslin_et_al_2013","PLOS_ONE",48.853,2.348,"Temperate","Northern","France","France","France","Europe","Country","FRA",2.64623e+12,2.185090065,57822508827.0495,"France",548163,915,"France",46.166861050188,12,0.00166921153014705,567394,101908.918365456,0.531840053096818,1.25750685476494,0.89042750687217,0.0324966929601002,1.18656569580007
"21",410,"GBR",38,"ballantyne_et_al_2015",0,"ballantyne_et_al_2015",2015,"ballantyne_et_al_2015","PROCEEDINGS_OF_THE_ROYAL_SOCIETY_B-BIOLOGICAL_SCIENCES",50.718,-2.117,"Temperate","Northern","United Kingdom","United Kingdom","United Kingdom","Europe","Country","GBR",2.68911e+12,1.619629979,43553631728.2869,"United Kingdom",244817,276,"UK",55.5581316630045,10,0.00112737269062197,244817,177902.807927092,0.198141963435983,1.01430557496653,0.100725218522535,-0.158681828744838,1.37233723585189
"22",448,"GRC",11,"minachilis_et_al_2020",0,"minachilis_et_al_2020",2020,"minachilis_et_al_2020","DIVERSITY_AND_DISTRIBUTIONS",40.081,22.349,"Temperate","Northern","Greece","Greece","Greece","Europe","Sovereign country","GRC",2.3498e+11,0.6730450095,1581521163.3231,"Greece",131757,1112,"Greece",38.3587526711973,5,0.00843977929066387,131757,12003.3179514037,-0.0583436279799963,0.301137072804806,1.01890659044357,0.821936734489858,0.473399726481958
"23",461,"GRL",4,"lundgren_&_olesen_2005",11,"lundgren_&_olesen_2005",2005,"lundgren_&_olesen_2005; olesen_et_al_2006; olesen_et_al_2007_b; fortuna_et_al_2010; gonzalez_et_al_2010; trojelsgaard_&_olesen_2012; stouffer_et_al_2014; emer_et_al_2016; traveset_et_al_2016; timoteo_et_al_2018; cirtwill_et_al_2020; luna_et_al_2022","ARCTIC_ANTARCTIC_AND_ALPINE_RESEARCH; JOURNAL_OF_THEORETICAL_BIOLOGY; PROCEEDINGS_OF_THE_NATIONAL_ACADEMY_OF_SCIENCES_OF_THE_UNITED_STATES_OF_AMERICA; JOURNAL_OF_ANIMAL_ECOLOGY; ECOLOGICAL_COMPLEXITY; GLOBAL_ECOLOGY_AND_BIOGEOGRAPHY; JOURNAL_OF_ECOLOGY; DIVERSITY_AND_DISTRIBUTIONS; GLOBAL_ECOLOGY_AND_BIOGEOGRAPHY; OECOLOGIA; NEW_PHYTOLOGIST; ECOLOGY LETTERS",71,-52,"Temperate","Northern","Greenland","Denmark","Greenland","North America","Country","DNK",3.22346e+11,2.9054700135,9365666369.71671,"Greenland",2161188,1,"Greenland",72.5135138613837,20,4.62708473302647e-07,2204149,4249.10764640535,1.09976259640999,1.48891495957346,-3.60253511614147,-3.95744442260055,0.127144333156882
"24",465,"GTM",10,"bustamante-castillo_et_al_2019",0,"bustamante-castillo_et_al_2019",2019,"bustamante-castillo_et_al_2019","JOURNAL_OF_ORNITHOLOGY",14.914,-90.939,"Tropical","Northern","Guatemala","Guatemala","Guatemala","North America","Sovereign country","GTM",40676578423,0.039159998,15928947.2969152,"Guatemala",108993,275,"Guatemala",15.5853281518687,6,0.00252309781362106,108993,146.14651672048,-0.136866655125767,-2.00870073019831,0.0983335784301477,0.233746345297536,-0.996456459627272
"25",477,"IND",1,"mukherjee_et_al_2018",0,"mukherjee_et_al_2018",2018,"mukherjee_et_al_2018","ACTA_OECOLOGICA-INTERNATIONAL_JOURNAL_OF_ECOLOGY",22.607,88.383,"Tropical","Northern","India","India","India","Asia","Sovereign country","IND",1.67562e+12,0.739950001,12398750206.7562,"India",3153190,699,"India",23.3933698213776,7,0.000221680266650598,3153190,3932.12911583387,1.25614844868178,0.37810340130162,0.713004358554386,-0.950949284865706,0.101294412852782
"26",478,"IRL",8,"power_&_stout_2011_intensive",NA,NA,NA,NA,NA,53,-8,"Temperate","Northern","Ireland","Ireland","Ireland","Europe","Sovereign country","IRL",2.41337e+11,1.1954199675,2884990686.96547,"Ireland",69701,103,"Ireland",53.4947602408273,NA,0.00147774063499806,69701,41390.9511623287,-0.321946867330957,0.767660176962497,-0.548730159146074,-0.0268534028019818,0.886142169263759
"27",486,"ISR",2,"ballantyne_et_al_2017",0,"ballantyne_et_al_2017",2017,"ballantyne_et_al_2017","SCIENTIFIC_REPORTS",32.73,35.01,"Temperate","Northern","Israel","Israel","Israel","Asia","Disputed","ISR",2.38913e+11,4.0724601745,9729636776.70318,"Israel",20712,930,"Israel",31.8765000479562,8,0.044901506373117,20712,469758.438427153,-0.824319215279375,1.76313391534521,0.901141501016742,1.63617659946954,1.69608867222485
"28",488,"ITA",12,"biella_et_al_2017",0,"biella_et_al_2017",2017,"biella_et_al_2017","COMMUNITY_ECOLOGY",44.683,9.25,"Temperate","Northern","Italy","Italy","Italy","Europe","Sovereign country","ITA",2.01961e+12,1.209710002,24431424171.3922,"Italy",300511,990,"Italy",42.1659824923549,8,0.00329438855815594,300511,81299.6002522111,0.282998024902702,0.777310855234236,0.942335921779551,0.36367921280565,1.11123172844548
"29",502,"JPN",13,"inoue_et_al_1990",20,"inoue_et_al_1990",1990,"olesen_et_al_2006; olesen_et_al_2007_a; olesen_et_al_2007_b; santamaria_&_rodrigues-girones_2007; gonzalez_et_al_2010; castro-urgal_et_al_2012; trojelsgaard_&_olesen_2012; dalsgaard_et_al_2013; stouffer_et_al_2014; vamosi_et_al_2014; emer_et_al_2016; sakai_et_al_2016; takemoto_&_kajihara_2016; traveset_et_al_2016; nagaishi_&_takemoto_2018; maia_et_al_2019_a; cirtwill_et_al_2020; kishi_&_kakutani_2020; renaud_et_al_2020; luna_et_al_2022; inoue_et_al_1990","JOURNAL_OF_THEORETICAL_BIOLOGY; TAXON; PROCEEDINGS_OF_THE_NATIONAL_ACADEMY_OF_SCIENCES_OF_THE_UNITED_STATES_OF_AMERICA; PLOS_BIOLOGY; ECOLOGICAL_COMPLEXITY; BASIC_AND_APPLIED_ECOLOGY; GLOBAL_ECOLOGY_AND_BIOGEOGRAPHY; ECOGRAPHY; JOURNAL_OF_ECOLOGY; ECOLOGY_AND_EVOLUTION; DIVERSITY_AND_DISTRIBUTIONS; ROYAL_SOCIETY_OPEN_SCIENCE; PLOS_ONE; GLOBAL_ECOLOGY_AND_BIOGEOGRAPHY; ROYAL_SOCIETY_OPEN_SCIENCE; OIKOS; NEW_PHYTOLOGIST; FRONTIERS_IN_ECOLOGY_AND_EVOLUTION; ECOLOGY_AND_EVOLUTION; ECOLOGY LETTERS",35.166,135.866,"Temperate","Northern","Japan","Japan","Japan","Asia","Sovereign country","JPN",4.93084e+12,3.1848050355,157037640612.448,"Japan",372816,383,"Japan",35.4739283054876,35,0.0010273164241878,372816,421220.228242479,0.372253627269448,1.56346558606782,0.316602071916684,-0.203955338320092,1.65972418188971
"30",521,"MAR",1,"trojelsgaard_et_al_2013_sahara",4,"trojelsgaard_et_al_2013",2013,"dalsgaard_et_al_2013; trojelsgaard_et_al_2013; timoteo_et_al_2018; simmons_et_al_2020; dattilo_et_al_2022","ECOGRAPHY; JOURNAL_OF_BIOGEOGRAPHY; OECOLOGIA; PLOS_BIOLOGY; DIVERSITY-BASEL",26.266,-14.7,"Temperate","Northern","Morocco","Morocco","Morocco","Africa","Sovereign country","MAR",1.01823e+11,0.549870014,559894144.35522,"Morocco",403238,907,"Morocco",28.4856708568076,12,0.00224929198141048,403238,1388.49548989733,0.404727483411266,0.136980070697982,0.88464133469785,0.177789140406031,-0.245789929272463
"31",522,"MDG",1,"nilsson_et_al_1987",1,"nilsson_et_al_1987",1987,"johnson_et_al_2017; nilsson_et_al_1987","FUNCTIONAL_ECOLOGY",-18.166,47.283,"Tropical","Southern","Madagascar","Madagascar","Madagascar","Africa","Sovereign country","MDG",10725137724,0.120909996,12967763.5930829,"Madagascar",592995,219,"Madagascar",-17.7339759267362,38,0.000369311714264033,592995,21.8682511540281,0.56438483381488,-1.0931077810166,-0.0516966520344974,-0.702317354132448,-1.62982580671429
"32",523,"MEX",36,"albor_et_al_2020_1",0,"albor_et_al_2020",2020,"albor_et_al_2020","JOURNAL_OF_ECOLOGY",20.976,-90.355,"Tropical","Northern","Mexico","Mexico","Mexico","North America","Sovereign country","MEX",1.11223e+12,0.376010001,4182096034.1223,"Mexico",1957522,1860,"Mexico",24.2114148623838,5,0.000950180891964433,1957522,2136.42351612002,1.05878682795593,-0.171684810178806,1.35785349028235,-0.241976993247233,-0.102112065922124
"33",559,"MUS",3,"kaiser-bunbury_et_al_2009_control",8,"kaiser-bunbury_et_al_2009",2009,"kaiser-bunbury_et_al_2009; albrecht_et_al_2014_b; sakai_et_al_2016; takemoto_&_kajihara_2016; nagaishi_&_takemoto_2018; timoteo_et_al_2018; aslan_2019; maia_et_al_2019_a; renaud_et_al_2020","PERSPECTIVES_IN_PLANT_ECOLOGY_EVOLUTION_AND_SYSTEMATICS; PROCEEDINGS_OF_THE_ROYAL_SOCIETY_B-BIOLOGICAL_SCIENCES; ROYAL_SOCIETY_OPEN_SCIENCE; PLOS_ONE; ROYAL_SOCIETY_OPEN_SCIENCE; OECOLOGIA; PLOS_ONE; OIKOS; ECOLOGY_AND_EVOLUTION",57.733,-20.7,"Temperate","Southern","Mauritius",NA,NA,"Africa",NA,"MUS",10003670690,0.354229987,35436001.3847098,"Mauritius",2172,11,"Mauritius",-20.2973376826236,16,0.00506445672191529,2172,16314.9177645994,-1.75788402015642,-0.220144359710959,-2.02257121986528,0.573156547188034,0.575727425099487
"34",562,"MYS",1,"dworschak_&_bluthgen_2010",1,"dworschak_&_bluthgen_2010",2010,"schleuning_et_al_2012; dworschak_&_bluthgen_2010","CURRENT_BIOLOGY",5,117.833,"Tropical","Northern","Malaysia","Malaysia","Malaysia","Asia","Sovereign country","MYS",2.55018e+11,1.033419967,2635406931.44406,"Malaysia",328853,258,"Malaysia",3.96919089977306,15,0.000784545070289765,328853,8013.93610958106,0.320309108568099,0.649393969656327,0.0562884201417552,-0.335285334160385,0.338694829214453
"35",566,"NOR",3,"hegland_et_al_2010",2,"hegland_et_al_2010",2010,"hegland_et_al_2010; vieira_et_al_2013; sydenham_et_al_2018","BIOLOGICAL_CONSERVATION; PLOS_ONE; JOURNAL_OF_BIOGEOGRAPHY",61.157,7.172,"Temperate","Northern","Norway","Norway","Norway","Europe","Sovereign country","NOR",4.01745e+11,1.641199946,6593438723.0577,"Norway",321798,193,"Norway",69.8769981461149,15,0.000599755125886426,321798,20489.3713542586,0.311331072001909,1.02505006153004,-0.134968959237087,-0.466119106966408,0.651690914138504
"36",569,"NZL",9,"arroyo-correa_et_al_2019_1",0,"arroyo-correa_et_al_2019",2019,"arroyo-correa_et_al_2019","JOURNAL_OF_ECOLOGY",-43.033,171.75,"Temperate","Southern","New Zealand","New Zealand","New Zealand","Oceania","Country","NZL",1.46518e+11,1.1927649975,1747615419.03705,"New Zealand",269152,42,"New Zealand",-40.8626786681144,6,0.000156045654500059,269152,6493.04266376267,0.237373444256532,0.765854459337916,-1.13979909923258,-1.12197341094459,0.268524834460193
"37",578,"PAK",1,"sajjad_et_al_2017",0,"sajjad_et_al_2017",2017,"sajjad_et_al_2017","ENTOMOLOGICAL_RESEARCH",30.416,71.85,"Temperate","Northern","Pakistan","Pakistan","Pakistan","Asia","Sovereign country","PAK",2.02204e+11,0.2170349955,438853442.30082,"Pakistan",876560,292,"Pakistan",30.175477246687,8,0.000333120379665967,876560,500.654196290978,0.726178425394633,-0.617999161632659,0.137855949880967,-0.75255820891671,-0.585905699856237
"38",579,"PER",5,"gonzalez_&_loiselle_2016",1,"gonzalez_&_loiselle_2016",2016,"gonzalez_&_loiselle_2016; dalsgaard_et_al_2021","PEERJ; FUNCTIONAL ECOLOGY",-9.708,-76.16,"Tropical","Southern","Peru","Peru","Peru","South America","Sovereign country","PER",1.47528e+11,0.1118099985,164951054.58708,"Peru",1290869,726,"Peru",-7.44572269955114,9,0.000562411832649169,1290869,127.782954418365,0.886418149882252,-1.15665361312395,0.73797604229227,-0.497435061772995,-1.04122788179818
"39",584,"PHL",1,"hass_et_al_2018",0,"hass_et_al_2018",2018,"hass_et_al_2018","AGRICULTURE_ECOSYSTEMS_&_ENVIRONMENT",14.17,121.241,"Tropical","Northern","Philippines","Philippines","Philippines","Asia","Sovereign country","PHL",2.08369e+11,0.125269994,261023833.79786,"Philippines",294713,216,"Philippines",11.4572961384337,7,0.000732916430561258,294713,885.688224808068,0.274932605680634,-1.06433797364323,-0.0607850184973767,-0.368445194360503,-0.395702433408162
"40",585,"POL",4,"albrecht_et_al_2014_a",0,"albrecht_et_al_2014_a",2014,"albrecht_et_al_2014_a","NATURE_COMMUNICATIONS",52.7,23.866,"Temperate","Northern","Poland","Poland","Poland","Europe","Sovereign country","POL",4.78112e+11,0.6936249735,3316304233.30032,"Poland",311695,525,"Poland",51.4099779370465,11,0.00168433885689536,311695,10639.5811074939,0.298125391405574,0.325597936323384,0.524393709797243,0.0368914242717152,0.433187755503676
"41",589,"PRI",2,"dalsgaard_et_al_2009_elfinpuertorico",3,"dalsgaard_et_al_2009",2009,"gonzalez_et_al_2015; maruyama_et_al_2016; maruyama_et_al_2018; dalsgaard_et_al_2009","GLOBAL_ECOLOGY_AND_BIOGEOGRAPHY; DIVERSITY_AND_DISTRIBUTIONS; GLOBAL_ECOLOGY_AND_BIOGEOGRAPHY",18.13,-66.76,"Tropical","Northern","Puerto Rico","United States of America","Puerto Rico","North America","Dependency","USA",1.5049e+13,2.702365041,406678915020.09,"Puerto Rico",9247,37,"Puerto Rico",18.1731291231902,16,0.00400129771817887,9479089,42902.7425547001,-1.15816318216945,1.43006131963172,-1.22331530653865,0.458375765916133,0.898103354673383
"42",591,"PRT",9,"banza_et_al_2015",0,"banza_et_al_2015",2015,"banza_et_al_2015","INSECT_CONSERVATION_AND_DIVERSITY",37.116,-8.583,"Temperate","Northern","Portugal","Portugal","Portugal","Europe","Sovereign country","PRT",2.20863e+11,1.285335004,2838829449.88452,"Portugal",91523,687,"Portugal",39.9308394770468,10,0.00750630988931744,91523,31017.6616794087,-0.209187221365966,0.826557660653572,0.701594616794542,0.764839542499423,0.789946618108023
"43",600,"ROU",2,"kovacs-hostyanszki_et_al_2016",1,"kovacs-hostyanszki_et_al_2016",2016,"kovacs-hostyanszki_2019; kovacs-hostyanszki_et_al_2016","ECOLOGICAL_INDICATORS",46.666,24.583,"Temperate","Northern","Romania","Romania","Romania","Europe","Sovereign country","ROU",1.77885e+11,0.4517400115,803577719.456775,"Romania",237376,663,"Romania",45.8446484725841,9,0.00279303720679428,237376,3385.25259275064,0.185364039088967,-0.0226653608629733,0.678164730580678,0.283258971922953,0.051362868981325
"44",602,"SWE",6,"ekroos_et_al_2013",1,"ekroos_et_al_2013",2013,"carvalheiro_et_al_2014; ekroos_et_al_2013","ECOLOGY_LETTERS",55.983,13.5,"Temperate","Northern","Sweden","Sweden","Sweden","Europe","Sovereign country","SWE",5.01698e+11,3.340319991,16758318588.4472,"Sweden",446398,289,"Sweden",61.8959092305844,12,0.000647404334248809,446398,37541.2044598031,0.446823203309793,1.60218453620142,0.131051454411937,-0.428878462857167,0.853591960308812
"45",608,"SYC",8,"kaiser-bunbury_et_al_2011_bernica",5,"kaiser-bunbury_et_al_2011",2011,"kaiser-bunbury_et_al_2011; carvalheiro_et_al_2014; kaiser-bunbury_et_al_2014; kaiser-bunbury_et_al_2017; renaud_et_al_2020; dattilo_et_al_2022","JOURNAL_OF_ECOLOGY; ECOLOGY_LETTERS; ECOLOGY; NATURE; ECOLOGY_AND_EVOLUTION; DIVERSITY-BASEL",-4.668,55.447,"Tropical","Southern","Seychelles",NA,NA,"Africa",NA,"SYC",1077308814,0.3541700095,3815504.72888814,"Seychelles",512,16,"Seychelles",-4.67993175983429,14,0.03125,512,7452.15767360964,-2.35612621825395,-0.220281880327234,-1.77568715907903,1.45961652774906,0.314461872765197
"46",616,"THA",6,"sritongchuay_et_al_2019_a",0,"sritongchuay_et_al_2019_a",2019,"sritongchuay_et_al_2019_a","GLOBAL_ECOLOGY_AND_CONSERVATION",8.433,99.966,"Tropical","Northern","Thailand","Thailand","Thailand","Asia","Sovereign country","THA",3.41105e+11,0.2488250065,848754538.421825,"Thailand",512816,228,"Thailand",13.2486541757947,6,0.00044460391251443,512816,1655.08591467861,0.504245589326499,-0.506987467014143,-0.0251603360735607,-0.611934500805686,-0.187229417231921
"47",623,"USA",71,"adhikari_et_al_2019_1",NA,NA,NA,NA,NA,48.036,-110.014,"Temperate","Northern","United States","United States of America","United States of America","North America","Country","USA",1.5049e+13,2.702365041,406678915020.09,"United States",9469842,3597,"USA",48.7433333759122,NA,0.000379837382714516,9479089,42902.7425547001,1.71140762439401,1.43006131963172,1.79241108343566,-0.688628029067149,0.898103354673383
"48",698,"ZAF",24,"adedoja_et_al_2018_1",0,"adedoja_et_al_2018",2018,"adedoja_et_al_2018","PLOS_ONE",-33.917,19.512,"Temperate","Southern","South Africa","South Africa","South Africa","Africa","Sovereign country","ZAF",3.33077e+11,0.7183399795,2392625253.51922,"South Africa",1220281,1158,"South Africa",-28.8465438773729,7,0.000948961755530079,1220281,1960.71663290604,0.863137876231764,0.354032015165848,1.04561440664428,-0.242602406117579,-0.130727825534581
"49",727,"ARE",0,NA,NA,NA,NA,NA,NA,NA,NA,NA,"Northern","United Arab Emirates","United Arab Emirates","United Arab Emirates","Asia","Sovereign country","ARE",3.15475e+11,0.898750007,2835331584.58325,"United Arab Emirates",70652,89,"United Arab Emirates",24.2576982571128,NA,0.00125969540848101,70652,40130.9458271988,-0.316336634363795,0.536000474048091,-0.644990018930994,-0.104620456388312,0.87583442675611
"50",729,"ARM",0,NA,NA,NA,NA,NA,NA,NA,NA,NA,"Northern","Armenia","Armenia","Armenia","Asia","Sovereign country","ARM",10142111825,0.240569994,24398877.8088758,"Armenia",29668,441,"Armenia",40.210920621271,NA,0.0148645004718889,29668,822.397121776857,-0.675551027349411,-0.534387898414303,0.409512939145097,1.0976601038516,-0.420423251787975
"51",734,"AZE",0,NA,NA,NA,NA,NA,NA,NA,NA,NA,"Northern","Azerbaijan","Azerbaijan","Azerbaijan","Asia","Sovereign country","AZE",44292427185,0.210840002,93386154.3627025,"Azerbaijan",85920,490,"Azerbaijan",40.1969166957971,NA,0.00570297951582868,85920,1086.89658243369,-0.235340225706549,-0.641517806520587,0.478934574326912,0.630998905420439,-0.327444326647662
"52",735,"BDI",0,NA,NA,NA,NA,NA,NA,NA,NA,NA,"Southern","Burundi","Burundi","Burundi","Africa","Sovereign country","BDI",2032135192,0.147565,2998720.2960748,"Burundi",27182,53,"Burundi",-3.05410531545297,NA,0.00194981973364727,27182,110.320075641042,-0.71178059420303,-0.931312443230986,-0.986525170982735,0.108189159084803,-1.09022407025903
"53",738,"BFA",0,NA,NA,NA,NA,NA,NA,NA,NA,NA,"Northern","Burkina Faso","Burkina Faso","Burkina Faso","Africa","Sovereign country","BFA",10109619741,0.177870005,17981981.1387977,"Burkina Faso",272332,57,"Burkina Faso",11.9982512754553,NA,0.000209303350322401,272332,66.0296297856943,0.242235970037127,-0.779618520455108,-0.93858431460478,-0.978935434786613,-1.26136630387747
"54",740,"BGR",0,NA,NA,NA,NA,NA,NA,NA,NA,NA,"Northern","Bulgaria","Bulgaria","Bulgaria","Europe","Sovereign country","BGR",52023801230,0.5123350025,266536143.332316,"Bulgaria",111006,600,"Bulgaria",42.6248570447528,NA,0.00540511323712232,111006,2401.09672749505,-0.129290469249387,0.0795595574649548,0.612377026566543,0.604867786907827,-0.0631703080853661
"55",743,"BIH",0,NA,NA,NA,NA,NA,NA,NA,NA,NA,"Northern","Bosnia and Herzegovina","Bosnia and Herzegovina","Bosnia and Herzegovina","Europe","Sovereign country","BIH",17176315804,0.1909999995,32806763.0997584,"Bosnia and Herzegovina",51544,155,"Bosnia and Herzegovina",44.0676244187028,NA,0.00300713953127425,51544,636.480736841503,-0.446879024934616,-0.721777929266088,-0.279441864864621,0.319238010600324,-0.505870357299382
"56",744,"BLR",0,NA,NA,NA,NA,NA,NA,NA,NA,NA,"Northern","Belarus","Belarus","Belarus","Europe","Sovereign country","BLR",54725302250,0.627590001,343450524.938028,"Belarus",207724,115,"Belarus",53.5324117832837,NA,0.000553619225510774,207724,1653.39837928226,0.130123800837131,0.24434846652926,-0.476117737476724,-0.50511083975634,-0.187569554891572
"57",746,"BMU",0,NA,NA,NA,NA,NA,NA,NA,NA,NA,"Northern","Bermuda",NA,NA,"North America",NA,"BMU",6465756000,0.195069999,12612750.1645424,"Bermuda",40,1,"Bermuda",32.3074088096619,NA,0.025,40,315318.754113561,-3.41156029754251,-0.704654040770249,-3.60253511614147,1.35091732080573,1.56317311503048
"58",760,"COD",0,NA,NA,NA,NA,NA,NA,NA,NA,NA,"Southern","Congo, Dem. Rep.","Democratic Republic of the Congo","Democratic Republic of the Congo","Africa","Sovereign country","COD",21565721045,0.082529999,17798189.3627813,"Democratic Republic of the Congo",2326811,610,"Democratic Republic of the Congo",-4.52494219062339,NA,0.000262161387409635,2326811,7.64917707660024,1.13033155159981,-1.40324945711843,0.623268119522026,-0.869246333214171,-1.98007021609681
"59",769,"CYP",0,NA,NA,NA,NA,NA,NA,NA,NA,NA,"Northern","Cyprus","Cyprus","Cyprus","Asia","Sovereign country","CYP",23225918260,0.440284997,102260233.514263,"Cyprus",9258,353,"Cyprus",35.063839263916,NA,0.0381291855692374,9258,11045.6074221499,-1.15767100770278,-0.0435246972193864,0.262857936573183,1.55653558927506,0.445675172243099
"60",776,"DZA",0,NA,NA,NA,NA,NA,NA,NA,NA,NA,"Northern","Algeria","Algeria","Algeria","Africa","Sovereign country","DZA",1.80384e+11,0.1967049985,354824344.49424,"Algeria",2317502,794,"Algeria",29.2280776120975,NA,0.000342610276064487,2317502,153.106381135481,1.12867197400351,-0.697875418582426,0.796969282931754,-0.738874984981184,-0.980944323564398
"61",782,"ETH",0,NA,NA,NA,NA,NA,NA,NA,NA,NA,"Northern","Ethiopia","Ethiopia","Ethiopia","Africa","Sovereign country","ETH",31952763089,0.241370007,77124386.5046127,"Ethiopia",1127531,199,"Ethiopia",9.18770695127399,NA,0.000176491821510894,1127531,68.4011229000468,0.830411937675935,-0.531691634069138,-0.114797094418248,-1.06199547554041,-1.24960110797121
"62",790,"GEO",0,NA,NA,NA,NA,NA,NA,NA,NA,NA,"Northern","Georgia","Georgia","Georgia","Asia","Sovereign country","GEO",12795145131,0.241340004,30879803.7709612,"Georgia",69945,438,"Georgia",42.0642349429247,NA,0.00626206304953892,69945,441.48693646381,-0.320500171598261,-0.531792591055145,0.405015337231112,0.676555458516992,-0.627839892135795
"63",803,"HKG",0,NA,NA,NA,NA,NA,NA,NA,NA,NA,NA,"Hong Kong SAR, China",NA,NA,"Asia",NA,"HKG",2.28639e+11,0.749459982,1713557808.24498,"Hong Kong",1055,46,NA,NA,NA,0.0436018957345972,1055,1624225.41065875,-2.05682632169586,0.388474608019754,-1.07985814735883,1.62186933710302,2.10972754388919
"64",804,"HND",0,NA,NA,NA,NA,NA,NA,NA,NA,NA,"Northern","Honduras","Honduras","Honduras","North America","Sovereign country","HND",15839344592,0.041809998,6622429.65712831,"Honduras",112411,197,"Honduras",14.7632847845842,NA,0.00175249753138038,112411,58.9126478469928,-0.124083544922779,-1.95552237624036,-0.121452667391988,0.0562151673414988,-1.2993929209387
"65",805,"HRV",0,NA,NA,NA,NA,NA,NA,NA,NA,NA,"Northern","Croatia","Croatia","Croatia","Europe","Sovereign country","HRV",57551963753,0.8429149985,485114134.40532,"Croatia",56204,608,"Croatia",44.6420402118867,NA,0.0108177353924988,56204,8631.30977164117,-0.411047678231896,0.483911139687516,0.621104255107513,0.942856610662378,0.363439861174322
"66",807,"HUN",0,NA,NA,NA,NA,NA,NA,NA,NA,NA,"Northern","Hungary","Hungary","Hungary","Europe","Sovereign country","HUN",1.31069e+11,1.128334999,1478897399.83931,"Hungary",92989,692,"Hungary",47.2322648663387,NA,0.00744174042091,92989,15904.0036976342,-0.202608614631243,0.720755777037924,0.706372709683971,0.760631138817814,0.567222031273996
"67",808,"IDN",0,NA,NA,NA,NA,NA,NA,NA,NA,NA,"Southern","Indonesia","Indonesia","Indonesia","Asia","Sovereign country","IDN",7.55094e+11,0.155510001,1174246686.95094,"Indonesia",1886408,645,"Indonesia",-2.9960805214683,NA,0.000341919669551868,1886408,622.477580115723,1.04346732677453,-0.888723059700372,0.66002883002386,-0.739857887382069,-0.513287956735909
"68",812,"IRN",0,NA,NA,NA,NA,NA,NA,NA,NA,NA,"Northern","Iran, Islamic Rep.","Iran","Iran","Asia","Sovereign country","IRN",4.04626e+11,0.5033549965,2036705188.13809,"Iran (Islamic Republic of)",1623444,886,"Iran",33.2949097499374,NA,0.000545753349053001,1623444,1254.55832670427,0.981317845026595,0.0651985546646088,0.869206363914105,-0.512081624371786,-0.279611838859773
"69",813,"IRQ",0,NA,NA,NA,NA,NA,NA,NA,NA,NA,"Northern","Iraq","Iraq","Iraq","Asia","Sovereign country","IRQ",1.38517e+11,0.038350001,53121270.88517,"Iraq",436281,88,"Iraq",33.7899801720877,NA,0.000201704864525386,436281,121.7593039467,0.43733282757323,-2.02567532785086,-0.652435252068452,-0.99694893339037,-1.05732806816964
"70",814,"ISL",0,NA,NA,NA,NA,NA,NA,NA,NA,NA,"Northern","Iceland","Iceland","Iceland","Europe","Sovereign country","ISL",16852963067,2.464139938,415280593.670337,"Iceland",102950,1,"Iceland",65.3084188128676,NA,9.71345313258863e-06,102950,4033.8085834904,-0.160480498496547,1.35511389091701,-3.60253511614147,-2.47454763386445,0.109806789151826
"71",820,"KAZ",0,NA,NA,NA,NA,NA,NA,NA,NA,NA,"Northern","Kazakhstan","Kazakhstan","Kazakhstan","Asia","Sovereignty","KAZ",1.37278e+11,0.171320006,235184677.83668,"Kazakhstan",2723397,700,"Kazakhstan",47.9022747608654,NA,0.000257031934749139,2723397,86.3571039538782,1.19548518934717,-0.810089636788833,0.713946311712707,-0.878871939404101,-1.17187864512108
"72",822,"KGZ",0,NA,NA,NA,NA,NA,NA,NA,NA,NA,"Northern","Kyrgyz Republic","Kyrgyzstan","Kyrgyzstan","Asia","Sovereign country","KGZ",5139958909,0.156369999,8037353.69460371,"Kyrgyzstan",199585,351,"Kyrgyzstan",40.9194704527707,NA,0.00175864919708395,199585,40.2703294065371,0.113576761917425,-0.884244183934202,0.259114198535484,0.0579220993528343,-1.42624220258599
"73",826,"KOR",0,NA,NA,NA,NA,NA,NA,NA,NA,NA,"Northern","Korea, Rep.","South Korea","South Korea","Asia","Sovereign country","KOR",1.17261e+12,3.231234908,37889783654.6988,"Korea, Republic of",97980,183,"South Korea",35.7369108640231,NA,0.0018677281077771,97980,386709.365734832,-0.180964539211159,1.57521986555684,-0.170024892275543,0.0872358145633986,1.63122203919514
"74",827,"KWT",0,NA,NA,NA,NA,NA,NA,NA,NA,NA,"Northern","Kuwait","Kuwait","Kuwait","Asia","Sovereign country","KWT",1.14634e+11,0.100830004,115585466.78536,"Kuwait",16812,3,"Kuwait",29.4459771682967,NA,0.000178443968593862,16812,6875.17646831787,-0.910685065963924,-1.24059991941454,-2.87866373952571,-1.05663702591678,0.287592217966474
"75",834,"LKA",0,NA,NA,NA,NA,NA,NA,NA,NA,NA,"Northern","Sri Lanka","Sri Lanka","Sri Lanka","Asia","Sovereign country","LKA",58636161082,0.119489998,70064347.7041586,"Sri Lanka",66289,133,"Sri Lanka",8.46955561637878,NA,0.00200636606375115,66289,1056.95285347733,-0.342725101540667,-1.10270214810737,-0.380303040193006,0.122115254052624,-0.336759066138798
"76",835,"LSO",0,NA,NA,NA,NA,NA,NA,NA,NA,NA,"Southern","Lesotho","Lesotho","Lesotho","Africa","Sovereign country","LSO",2114426452,0.042400001,896516.836792265,"Lesotho",30539,64,"Lesotho",-29.6771357647784,NA,0.00209568093257802,30539,29.356456884386,-0.6635721284384,-1.94414202505819,-0.862263180547811,0.143331268723883,-1.53163931575969
"77",836,"LTU",0,NA,NA,NA,NA,NA,NA,NA,NA,NA,"Northern","Lithuania","Lithuania","Lithuania","Europe","Sovereign country","LTU",41540954817,0.8162899915,339094656.544708,"Lithuania",65048,329,"Lithuania",55.0830381578015,NA,0.00505780346820809,65048,5212.99127636066,-0.350548817007338,0.457844504938248,0.216464858888332,0.572516180574483,0.195311778662317
"78",837,"LUX",0,NA,NA,NA,NA,NA,NA,NA,NA,NA,"Northern","Luxembourg","Luxembourg","Luxembourg","Europe","Sovereign country","LUX",58844277702,1.4241300225,838019025.277455,"Luxembourg",2583,306,"Luxembourg",49.7626318724259,NA,0.118466898954704,2583,324436.324149228,-1.68613899399079,0.90983534484004,0.168712911632352,2.10876864133389,1.57267753547022
"79",838,"LVA",0,NA,NA,NA,NA,NA,NA,NA,NA,NA,"Northern","Latvia","Latvia","Latvia","Europe","Sovereign country","LVA",26575547901,0.5641349855,149921963.297852,"Latvia",64630,283,"Latvia",56.8674788066319,NA,0.00437877146835835,64630,2319.69616738128,-0.353217683901536,0.157780174734541,0.117227951830824,0.502289985195198,-0.0746700040978414
"80",839,"MAC",0,NA,NA,NA,NA,NA,NA,NA,NA,NA,NA,"Macao SAR, China",NA,NA,"Asia",NA,"MAC",28241798492,0.076235,21530135.0803762,"Macau",7,3,NA,NA,NA,0.428571428571429,7,3075733.58291089,-4.13312482644151,-1.4676851705109,-2.87866373952571,2.7351279058023,2.32262487199545
"81",843,"MDA",0,NA,NA,NA,NA,NA,NA,NA,NA,NA,"Northern","Moldova","Moldova","Moldova","Europe","Sovereign country","MDA",6974982370,0.330844998,23076380.2825269,"Republic of Moldova",33694,60,"Moldova",47.0632795295459,NA,0.00178073247462456,33694,684.880996098025,-0.62287102225499,-0.275610229043819,-0.904787361846781,0.0640008425886912,-0.481433172512503
"82",848,"MKD",0,NA,NA,NA,NA,NA,NA,NA,NA,NA,"Northern","North Macedonia","North Macedonia","North Macedonia","Europe","Sovereign country","MKD",9745261301,0.293099999,28563360.7757784,"The former Yugoslav Republic of Macedonia",25484,394,"North Macedonia",41.636208663752,NA,0.0154606812117407,25484,1120.83506418845,-0.73848441045941,-0.373989075432203,0.335259321873621,1.11681600210982,-0.317192265009997
"83",849,"MLI",0,NA,NA,NA,NA,NA,NA,NA,NA,NA,"Northern","Mali","Mali","Mali","Africa","Sovereign country","MLI",10689168016,0.291979998,31210232.5593334,"Mali",1252275,50,"Mali",14.8470316934986,NA,3.99273322552954e-05,1252275,24.9228265032309,0.873852133658577,-0.377098368726626,-1.02491832858043,-1.78596988677464,-1.5862308009939
"84",850,"MLT",0,NA,NA,NA,NA,NA,NA,NA,NA,NA,"Northern","Malta",NA,NA,"Europe",NA,"MLT",9135423330,0.558410019,51013119.1527834,"Malta",370,99,"Malta",35.9616270065308,NA,0.267567567567568,370,137873.295007523,-2.4905977537533,0.149496349014731,-0.574828466633772,2.50564962744632,1.287345916678
"85",851,"MMR",0,NA,NA,NA,NA,NA,NA,NA,NA,NA,"Northern","Myanmar","Myanmar","Myanmar","Asia","Sovereign country","MMR",49540813342,0.071439996,35391955.0698923,"Burma",668162,186,"Myanmar",18.8044787903013,NA,0.000278375603521302,668162,52.9691228622584,0.613791840638425,-1.52044370230055,-0.159310898130971,-0.840013367519207,-1.33485177269002
"86",852,"MNE",0,NA,NA,NA,NA,NA,NA,NA,NA,NA,"Northern","Montenegro","Montenegro","Montenegro","Europe","Sovereign country","MNE",4142983843,0.374309987,15507602.2841454,"Montenegro",13787,135,"Montenegro",42.8171734602555,NA,0.00979183288605208,13787,1124.79888910897,-0.992806102002261,-0.175364953437359,-0.370468587146491,0.894320126088751,-0.316015182744317
"87",853,"MNG",0,NA,NA,NA,NA,NA,NA,NA,NA,NA,"Northern","Mongolia","Mongolia","Mongolia","Asia","Sovereign country","MNG",7189481999,0.235110007,16903191.6311126,"Mongolia",1562957,328,"Mongolia",47.7782551672148,NA,0.000209858620550661,1562957,10.8148795079536,0.965598689101524,-0.553032529291249,0.214459085278439,-0.977644825458758,-1.86459613255478
"88",855,"MOZ",0,NA,NA,NA,NA,NA,NA,NA,NA,NA,"Southern","Mozambique","Mozambique","Mozambique","Africa","Sovereign country","MOZ",12263894790,0.355980009,43657013.7771925,"Mozambique",786425,187,"Mozambique",-17.1179693726334,NA,0.000237784912738023,786425,55.5132578150396,0.681257738933585,-0.216142004714519,-0.155777934588578,-0.91678687024073,-1.31920980283623
"89",861,"NCL",0,NA,NA,NA,NA,NA,NA,NA,NA,NA,"Southern","New Caledonia","France","New Caledonia","Oceania","Dependency","FRA",2.64623e+12,2.185090065,57822508827.0495,"New Caledonia",19231,33,"New Caledonia",-21.1788061998022,NA,0.0017159794082471,567394,101908.918365456,-0.855032689620602,1.25750685476494,-1.29869984324953,0.0459572849387978,1.18656569580007
"90",864,"NIC",0,NA,NA,NA,NA,NA,NA,NA,NA,NA,"Northern","Nicaragua","Nicaragua","Nicaragua","North America","Sovereign country","NIC",8758572306,0.0960949995,8416550.01365784,"Nicaragua",128179,145,"Nicaragua",13.0755174268376,NA,0.00113123054478503,128179,65.6624721183489,-0.0697413160856402,-1.27966252877263,-0.323384552894515,-0.15701773298801,-1.26322549854757
"91",865,"NLD",0,NA,NA,NA,NA,NA,NA,NA,NA,NA,"Northern","Netherlands","Netherlands","Netherlands","Europe","Country","NLD",8.48234e+11,1.7929450275,15208369324.5644,"Netherlands",35786,366,"Netherlands",52.0990468694809,NA,0.0102274632537864,35786,424980.979281405,-0.597933770217968,1.09686865432268,0.286687096990066,0.91552374238348,1.66268788482717
"92",870,"OMN",0,NA,NA,NA,NA,NA,NA,NA,NA,NA,"Northern","Oman","Oman","Oman","Asia","Sovereign country","OMN",69804681404,0.1947799995,135965558.089688,"Oman",308799,76,"Oman",21.7412671768126,NA,0.000246114786641148,308799,440.304398944581,0.294261013795963,-0.705862293519935,-0.749031712689315,-0.900014362220713,-0.62873418595645
"93",872,"PAN",0,NA,NA,NA,NA,NA,NA,NA,NA,NA,"Northern","Panama","Panama","Panama","North America","Sovereign country","PAN",30231009500,0.157910004,47737788.3106904,"Panama",74532,427,"Panama",8.44707326385064,NA,0.00572908281006816,74532,640.500567684892,-0.294204065458313,-0.876285030846501,0.388256382136231,0.633223462330935,-0.503771148967683
"94",881,"PRY",0,NA,NA,NA,NA,NA,NA,NA,NA,NA,"Southern","Paraguay","Paraguay","Paraguay","South America","Sovereign country","PRY",27260886405,0.071630001,19526973.2045104,"Paraguay",398816,489,"Paraguay",-23.7377891985823,NA,0.00122612934285485,398816,48.9623616016167,0.400162544584062,-1.51828658025789,0.477588514365352,-0.117776592535784,-1.36107824136991
"95",886,"RUS",0,NA,NA,NA,NA,NA,NA,NA,NA,NA,"Northern","Russian Federation","Russia","Russia","Europe","Sovereign country","RUS",1.36348e+12,1.086894989,14819595796.0172,"Russia",1431927,1161,"Russia",63.5447605943306,NA,0.000810795522397441,1431927,10349.4073343244,0.929350734680654,0.690367246695436,1.04731918410765,-0.31925307952529,0.423967877217628
"96",888,"SAU",0,NA,NA,NA,NA,NA,NA,NA,NA,NA,"Northern","Saudi Arabia","Saudi Arabia","Saudi Arabia","Asia","Sovereign country","SAU",5.28207e+11,0.0678550005,358414862.491035,"Saudi Arabia",1954760,103,"Saudi Arabia",23.1724234283517,NA,5.26918905645706e-05,1954760,183.354919525177,1.05820229496541,-1.56225628697044,-0.548730159146074,-1.6508406866981,-0.920830506760171
"97",889,"SDN",0,NA,NA,NA,NA,NA,NA,NA,NA,NA,"Northern","Sudan","Sudan","Sudan","Africa","Sovereign country","SDN",42630376000,0.301635012,128588139.763245,"Sudan",2486953,137,"Sudan",13.9933258991113,NA,5.5087490595922e-05,2486953,51.7050944522253,1.15788628275166,-0.350677667819654,-0.360778763661448,-1.62918249520798,-1.34290498395854
"98",891,"SGP",0,NA,NA,NA,NA,NA,NA,NA,NA,NA,"Northern","Singapore",NA,NA,"Asia",NA,"SGP",2.39808e+11,2.0511850115,4918905752.37792,"Singapore",555,106,"Singapore",1.36641702387068,NA,0.190990990990991,555,8862893.24752778,-2.322740959679,1.2061479779678,-0.529813181717126,2.34141683721155,2.67550069824557
"99",894,"SLV",0,NA,NA,NA,NA,NA,NA,NA,NA,NA,"Northern","El Salvador","El Salvador","El Salvador","North America","Sovereign country","SLV",18447920000,0.105599999,19481003.3355208,"El Salvador",20585,91,"El Salvador",13.850656393412,NA,0.00442069468059266,20585,946.368877120272,-0.826865471006477,-1.20306111660316,-0.63034728028425,0.506931647525361,-0.373607078022509
"100",897,"SRB",0,NA,NA,NA,NA,NA,NA,NA,NA,NA,"Northern","Serbia","Republic of Serbia","Republic of Serbia","Europe","Sovereign country","SRB",44888028946,0.702279985,315239642.948764,"Serbia",88112,261,"Serbia",44.2524472068758,NA,0.00296213909569639,88112,3577.71521414523,-0.224911053497168,0.335669000524242,0.0639058011892792,0.311893292617641,0.0698000074326568
"101",901,"SVK",0,NA,NA,NA,NA,NA,NA,NA,NA,NA,"Northern","Slovak Republic","Slovakia","Slovakia","Europe","Sovereign country","SVK",90347173229,0.6313599945,570415907.92952,"Slovakia",48936,619,"Slovakia",48.8381906706711,NA,0.0126491744319111,48936,11656.3656189619,-0.468374198058085,0.249212442478114,0.632918520018333,1.01904567860772,0.463620086202733
"102",902,"SVN",0,NA,NA,NA,NA,NA,NA,NA,NA,NA,"Northern","Slovenia","Slovenia","Slovenia","Europe","Sovereign country","SVN",47793117241,1.838570058,878709943.377862,"Slovenia",20410,575,"Slovenia",46.12320394227,NA,0.028172464478197,20410,43052.9124633935,-0.83039994856428,1.11727645326657,0.58433466167099,1.40911399047695,0.899268391818292
"103",912,"TJK",0,NA,NA,NA,NA,NA,NA,NA,NA,NA,"Northern","Tajikistan","Tajikistan","Tajikistan","Asia","Sovereign country","TJK",5642221099,0.094010003,5304252.22443653,"Tajikistan",142387,438,"Tajikistan",38.9563240216676,NA,0.00307612352251259,142387,37.2523630980113,-0.0262227246436453,-1.29747758507872,0.405015337231112,0.330286486403466,-1.45221602995886
"104",913,"TKM",0,NA,NA,NA,NA,NA,NA,NA,NA,NA,"Northern","Turkmenistan","Turkmenistan","Turkmenistan","Asia","Sovereign country","TKM",22583157895,0.109999999,24841473.4586684,"Turkmenistan",471714,499,"Turkmenistan",39.5052706782317,NA,0.00105784437180156,471714,52.6621500711627,0.46965946232126,-1.16990816281518,0.490926948036897,-0.189690688322275,-1.33678970882182
"105",916,"TTO",0,NA,NA,NA,NA,NA,NA,NA,NA,NA,"Northern","Trinidad and Tobago","Trinidad and Tobago","Trinidad and Tobago","North America","Sovereign country","TTO",23722678430,0.077975001,18497758.7430193,"Trinidad and Tobago",5030,111,"Tobago",11.2404905557632,NA,0.0220675944333996,5030,3677.48682763803,-1.41023051632317,-1.44935724170305,-0.499443929922892,1.29014064799852,0.0789709871104856
"106",917,"TUN",0,NA,NA,NA,NA,NA,NA,NA,NA,NA,"Northern","Tunisia","Tunisia","Tunisia","Africa","Sovereign country","TUN",42686504460,0.661730021,282469414.927324,"Tunisia",155384,616,"Tunisia",34.2188042466358,NA,0.00396437213612727,155384,1817.87967182801,0.00993925303195632,0.287367690880975,0.629717398959076,0.45385949289262,-0.155947992971105
"107",918,"TUR",0,NA,NA,NA,NA,NA,NA,NA,NA,NA,"Northern","Turkiye","Turkey","Turkey","Asia","Sovereign country","TUR",7.70449e+11,0.79381001,6115901283.9449,"Turkey",780017,1679,"Turkey",39.0660808671836,NA,0.00215251718872794,780017,7840.72819431487,0.677870654373919,0.435165221914098,1.29039695086678,0.156366497124286,0.331409338149462
"108",921,"UGA",0,NA,NA,NA,NA,NA,NA,NA,NA,NA,"Northern","Uganda","Uganda","Uganda","Africa","Sovereign country","UGA",26673441431,0.300330013,80108350.1172697,"Uganda",242066,210,"Uganda",1.38492426552499,NA,0.000867531995406212,242066,330.935984885402,0.19346368534985,-0.354198923821152,-0.0793467000848619,-0.286305526199673,-0.723941403833367
"109",922,"UKR",0,NA,NA,NA,NA,NA,NA,NA,NA,NA,"Northern","Ukraine","Ukraine","Ukraine","Europe","Sovereign country","UKR",1.21552e+11,0.802789986,975807283.78272,"Ukraine",597738,734,"Ukraine",48.4791987089984,NA,0.00122796275291181,597738,1632.49999796352,0.567682877957796,0.444300917746014,0.745196893979568,-0.117048744249034,-0.191810818292945
"110",923,"URY",0,NA,NA,NA,NA,NA,NA,NA,NA,NA,"Southern","Uruguay","Uruguay","Uruguay","South America","Sovereign country","URY",41950361212,0.363849998,152636388.430855,"Uruguay",177843,41,"Uruguay",-32.2972610446957,NA,0.000230540420483235,177843,858.264809021748,0.0658280247404534,-0.198382964795021,-1.15567688251839,-0.931858734577286,-0.406189485647442
"111",925,"UZB",0,NA,NA,NA,NA,NA,NA,NA,NA,NA,"Northern","Uzbekistan","Uzbekistan","Uzbekistan","Asia","Sovereign country","UZB",49765676402,0.17238,85786072.9817676,"Uzbekistan",446622,432,"Uzbekistan",41.1948054783965,NA,0.000967260905194997,446622,192.077580105251,0.447030886943853,-0.805080265249286,0.395926970768233,-0.233298396076838,-0.905334273724683
"112",930,"VNM",0,NA,NA,NA,NA,NA,NA,NA,NA,NA,"Northern","Viet Nam","Vietnam","Vietnam","Asia","Sovereign country","VNM",1.47201e+11,0.3278050125,482532256.450125,"Viet Nam",325523,95,"Vietnam",16.5251135678315,NA,0.000291838057525889,325523,1482.32922543146,0.316095675958178,-0.283107063013938,-0.60200329207282,-0.817007460622557,-0.223985841314228
"113",936,"ZMB",0,NA,NA,NA,NA,NA,NA,NA,NA,NA,"Southern","Zambia","Zambia","Zambia","Africa","Sovereign country","ZMB",20265559484,0.022229999,4505033.6706376,"Zambia",751902,150,"Zambia",-12.5042960548907,NA,0.000199494083005498,751902,5.99151707355161,0.662673352674733,-2.46854195650535,-0.301046951964676,-1.00231755094363,-2.06151092214958
